<?xml version="1.0" encoding="UTF-8"?><?xml-stylesheet type="text/xsl" media="screen" href="/~d/styles/rss2enclosuresfull.xsl"?><?xml-stylesheet type="text/css" media="screen" href="http://feeds.serialpodcast.org/~d/styles/itemcontent.css"?><rss xmlns:dc="http://purl.org/dc/elements/1.1/"     xmlns:itunes="http://www.itunes.com/dtds/podcast-1.0.dtd"     xmlns:feedburner="http://rssnamespace.org/feedburner/ext/1.0"     version="2.0" xml:base="http://washingtonpost.com/?utm_source=podcasts&amp;utm_medium=referral&amp;utm_campaign=planet-visionaries"><channel>    <title>Planet Visionaries</title>    <link>https://www.washingtonpost.com/rolex-partnership-content/climate-solutions/planet-visionaries/?utm_source=podcasts&amp;utm_medium=referral&amp;utm_campaign=planet-visionaries</link>    <description>Planet Visionaries spotlights climate innovators who are helping to solve some of the world’s most challenging environmental issues. In each episode, host Alex Honnold, an adventure rock climber and outdoor advocate, will talk to one of those leaders to learn about their work, background and what motivates them to preserve the earth. Listeners will hear from the world’s most renowned ocean explorer, a man who has dedicated his life to protecting penguins, a volcanologist who found a way to predict eruptions and a Peruvian biologist who is safeguarding sea life with the help of coastal communities. Taken together, the podcast will offer an intimate portrait of the diverse and dynamic people who are at the forefront of the quest to keep the planet perpetual.</description>    <language>en-us</language>    <copyright>&#xA9; Rolex and The Washington Post Creative Group</copyright>    <itunes:author>Rolex and The Washington Post Creative Group</itunes:author>    <itunes:type>episodic</itunes:type>    <itunes:summary>Planet Visionaries spotlights climate innovators who are helping to solve some of the world’s most challenging environmental issues. In each episode, host Alex Honnold, an adventure rock climber and outdoor advocate, will talk to one of those leaders to learn about their work, background and what motivates them to preserve the earth. Listeners will hear from the world’s most renowned ocean explorer, a man who has dedicated his life to protecting penguins, a volcanologist who found a way to predict eruptions and a Peruvian biologist who is safeguarding sea life with the help of coastal communities. Taken together, the podcast will offer an intimate portrait of the diverse and dynamic people who are at the forefront of the quest to keep the planet perpetual.</itunes:summary>    <itunes:subtitle>Planet Visionaries</itunes:subtitle>    <itunes:owner>            <itunes:email>erika.colbertaldo@washpost.com</itunes:email>                <itunes:name>Rolex and The Washington Post Creative Group</itunes:name>        </itunes:owner>    <itunes:category text="Science">                    <itunes:category text="Nature"/>            </itunes:category>    <itunes:image href="https://podcast.posttv.com/series/20230503/t_1683142517593_name__2000x2000.jpg"/>    <atom10:link xmlns:atom10="http://www.w3.org/2005/Atom" rel="self" type="application/rss+xml" href="https://podcast.posttv.com/itunes/planet-visionaries.xml"/>    <itunes:explicit>no</itunes:explicit>    <item>        <title>What ice might reveal about our climate future</title>            <link>https://www.washingtonpost.com/rolex-partnership-content/climate-solutions/planet-visionaries/?tid=aud_rsslink&amp;utm_source=podcasts&amp;utm_medium=referral&amp;utm_campaign=planet-visionaries</link>                <description>A daring expedition to extract a record-breaking ice core could help us prepare for future climate transitions. Hear from the scientist who led the project.</description>                <pubDate>Fri, 22 Sep 2023 04:01:00 +0000</pubDate>            <dc:creator>Rolex and The Washington Post Creative Group</dc:creator>        <guid isPermaLink="false">650c6bd04cedfd000aa5c660</guid>        <itunes:author>Rolex and The Washington Post Creative Group</itunes:author>        <itunes:duration>1287</itunes:duration>            <enclosure url="https://chrt.fm/track/7429E/podtrac.com/pts/redirect.mp3/podcast.washpostpodcasts.com/washpost-production/60c242db52faff00083a2765/20230921/650c6bd04cedfd000aa5c660/650c6bd1d9dfd01cdcfaab7d_1351620000001-300040_t_1695312854550_44100_128_2.mp3?awCollectionId=60c242db52faff00083a2765&amp;awEpisodeId=650c6bd04cedfd000aa5c660" type="audio/mpeg" length="20578314"/>                <itunes:image href="https://podcast.posttv.com/series/20230921/t_1695312816140_name__E06.jpg"/>            <itunes:subtitle>A daring expedition to extract a record-breaking ice core could help us prepare for future climate transitions. Hear from the scientist who led the project.</itunes:subtitle>        <itunes:summary>A daring expedition to extract a record-breaking ice core could help us prepare for future climate transitions. Hear from the scientist who led the project.</itunes:summary>                <feedburner:origLink>https://www.washingtonpost.com/rolex-partnership-content/climate-solutions/planet-visionaries/?tid=aud_rsslink&amp;utm_source=podcasts&amp;utm_medium=referral&amp;utm_campaign=planet-visionaries</feedburner:origLink>                <itunes:episodeType>full</itunes:episodeType>        </item>    <item>        <title>Why the Mediterranean needs more protection</title>            <link>https://www.washingtonpost.com/rolex-partnership-content/climate-solutions/planet-visionaries/?tid=aud_rsslink&amp;utm_source=podcasts&amp;utm_medium=referral&amp;utm_campaign=planet-visionaries</link>                <description>Alex Honnold meets two scientists using new technologies to protect the Mediterreanean’s marine life. </description>                <pubDate>Thu, 24 Aug 2023 04:01:00 +0000</pubDate>            <dc:creator>Rolex and The Washington Post Creative Group</dc:creator>        <guid isPermaLink="false">64e5ffa7c9e77c000a1e0fe1</guid>        <itunes:author>Rolex and The Washington Post Creative Group</itunes:author>        <itunes:duration>1625</itunes:duration>            <enclosure url="https://chrt.fm/track/7429E/podtrac.com/pts/redirect.mp3/podcast.washpostpodcasts.com/washpost-production/60c242db52faff00083a2765/20230823/64e5ffa7c9e77c000a1e0fe1/64e5ffabd9dfd01cdcfa9c25_1351620000001-300040_t_1692794799683_44100_128_2.mp3?awCollectionId=60c242db52faff00083a2765&amp;awEpisodeId=64e5ffa7c9e77c000a1e0fe1" type="audio/mpeg" length="25985881"/>                <itunes:image href="https://podcast.posttv.com/series/20230823/t_1692821966577_name__E05.jpg"/>            <itunes:subtitle>Alex Honnold meets two scientists using new technologies to protect the Mediterreanean’s marine life. </itunes:subtitle>        <itunes:summary>Alex Honnold meets two scientists using new technologies to protect the Mediterreanean’s marine life. </itunes:summary>                <feedburner:origLink>https://www.washingtonpost.com/rolex-partnership-content/climate-solutions/planet-visionaries/?tid=aud_rsslink&amp;utm_source=podcasts&amp;utm_medium=referral&amp;utm_campaign=planet-visionaries</feedburner:origLink>                <itunes:episodeType>full</itunes:episodeType>        </item>    <item>        <title>Live episode: Revolutionizing how we preserve the world underwater</title>            <link>https://www.washingtonpost.com/rolex-partnership-content/climate-solutions/planet-visionaries/?tid=aud_rsslink&amp;utm_source=podcasts&amp;utm_medium=referral&amp;utm_campaign=planet-visionaries</link>                <description>Ocean health is crucial to our planet. Listen to three young visionaries discuss their boundary-breaking conservation of marine ecosystems with Alex Honnold and hear a special appearance from legendary oceanographer Sylvia Earle.</description>                <pubDate>Wed, 02 Aug 2023 04:00:00 +0000</pubDate>            <dc:creator>Rolex and The Washington Post Creative Group</dc:creator>        <guid isPermaLink="false">64c90f93c9e77c000a08bc34</guid>        <itunes:author>Rolex and The Washington Post Creative Group</itunes:author>        <itunes:duration>2468</itunes:duration>            <enclosure url="https://chrt.fm/track/7429E/podtrac.com/pts/redirect.mp3/podcast.washpostpodcasts.com/washpost-production/60c242db52faff00083a2765/20230801/64c90f93c9e77c000a08bc34/64c90f94e16ec263d3ed89b7_1351620000001-300040_t_1690898330063_44100_128_2.mp3?awCollectionId=60c242db52faff00083a2765&amp;awEpisodeId=64c90f93c9e77c000a08bc34" type="audio/mpeg" length="39473829"/>                <itunes:image href="https://podcast.posttv.com/series/20230801/t_1690898227625_name__E04.jpg"/>            <itunes:subtitle>Ocean health is crucial to our planet. Listen to three young visionaries discuss their boundary-breaking conservation of marine ecosystems with Alex Honnold and hear a special appearance from legendary oceanographer Sylvia Earle.</itunes:subtitle>        <itunes:summary>Ocean health is crucial to our planet. Listen to three young visionaries discuss their boundary-breaking conservation of marine ecosystems with Alex Honnold and hear a special appearance from legendary oceanographer Sylvia Earle.</itunes:summary>                <feedburner:origLink>https://www.washingtonpost.com/rolex-partnership-content/climate-solutions/planet-visionaries/?tid=aud_rsslink&amp;utm_source=podcasts&amp;utm_medium=referral&amp;utm_campaign=planet-visionaries</feedburner:origLink>                <itunes:episodeType>full</itunes:episodeType>        </item>    <item>        <title>A powerful new tool for protecting the ocean</title>            <link>https://www.washingtonpost.com/rolex-partnership-content/climate-solutions/planet-visionaries/?tid=aud_rsslink&amp;utm_source=podcasts&amp;utm_medium=referral&amp;utm_campaign=planet-visionaries</link>                <description>Climate influencers Cristina Mittermeier and Paul Nicklen on how social media is inspiring a new generation of ocean protection.</description>                <pubDate>Thu, 29 Jun 2023 04:00:00 +0000</pubDate>            <dc:creator>Rolex and The Washington Post Creative Group</dc:creator>        <guid isPermaLink="false">649c544f52faff0008085d28</guid>        <itunes:author>Rolex and The Washington Post Creative Group</itunes:author>        <itunes:duration>1312</itunes:duration>            <enclosure url="https://chrt.fm/track/7429E/podtrac.com/pts/redirect.mp3/podcast.washpostpodcasts.com/washpost-production/60c242db52faff00083a2765/20230628/649c544f52faff0008085d28/649c545008d36a66cfca3406_1351620000001-300040_t_1687966803313_44100_128_2.mp3?awCollectionId=60c242db52faff00083a2765&amp;awEpisodeId=649c544f52faff0008085d28" type="audio/mpeg" length="20977904"/>                <itunes:image href="https://podcast.posttv.com/series/20230628/t_1687966744345_name__E03.jpg"/>            <itunes:subtitle>Climate influencers Cristina Mittermeier and Paul Nicklen on how social media is inspiring a new generation of ocean protection.</itunes:subtitle>        <itunes:summary>Climate influencers Cristina Mittermeier and Paul Nicklen on how social media is inspiring a new generation of ocean protection.</itunes:summary>                <feedburner:origLink>https://www.washingtonpost.com/rolex-partnership-content/climate-solutions/planet-visionaries/?tid=aud_rsslink&amp;utm_source=podcasts&amp;utm_medium=referral&amp;utm_campaign=planet-visionaries</feedburner:origLink>                <itunes:episodeType>full</itunes:episodeType>        </item>    <item>        <title>Bringing ecosystems back to life</title>            <link>https://www.washingtonpost.com/rolex-partnership-content/climate-solutions/planet-visionaries/?tid=aud_rsslink&amp;utm_source=podcasts&amp;utm_medium=referral&amp;utm_campaign=planet-visionaries</link>                <description>How Tompkins Conservation is rewilding millions of acres and restoring key species in South America. </description>                <pubDate>Thu, 01 Jun 2023 04:00:00 +0000</pubDate>            <dc:creator>Rolex and The Washington Post Creative Group</dc:creator>        <guid isPermaLink="false">64779b2f46e0fb000813c1ea</guid>        <itunes:author>Rolex and The Washington Post Creative Group</itunes:author>        <itunes:duration>1022</itunes:duration>            <enclosure url="https://chrt.fm/track/7429E/podtrac.com/pts/redirect.mp3/podcast.washpostpodcasts.com/washpost-production/60c242db52faff00083a2765/20230531/64779b2f46e0fb000813c1ea/64779b31bb9ef13f8d49b54e_1351620000001-300040_t_1685560116265_44100_128_2.mp3?awCollectionId=60c242db52faff00083a2765&amp;awEpisodeId=64779b2f46e0fb000813c1ea" type="audio/mpeg" length="16338116"/>                <itunes:image href="https://podcast.posttv.com/series/20230531/t_1685559995834_name__E02.jpg"/>            <itunes:subtitle>How Tompkins Conservation is rewilding millions of acres and restoring key species in South America. </itunes:subtitle>        <itunes:summary>How Tompkins Conservation is rewilding millions of acres and restoring key species in South America. </itunes:summary>                <feedburner:origLink>https://www.washingtonpost.com/rolex-partnership-content/climate-solutions/planet-visionaries/?tid=aud_rsslink&amp;utm_source=podcasts&amp;utm_medium=referral&amp;utm_campaign=planet-visionaries</feedburner:origLink>                <itunes:episodeType>full</itunes:episodeType>        </item>    <item>        <title>A new key to climate resilience</title>            <link>https://www.washingtonpost.com/rolex-partnership-content/climate-solutions/planet-visionaries/?tid=aud_rsslink&amp;utm_source=podcasts&amp;utm_medium=referral&amp;utm_campaign=planet-visionaries</link>                <description>Meet the biologist canoeing 40,000km of Africa’s under-researched rivers to solve water and food security concerns for millions.</description>                <pubDate>Thu, 04 May 2023 04:00:00 +0000</pubDate>            <dc:creator>Rolex and The Washington Post Creative Group</dc:creator>        <guid isPermaLink="false">6452b97a4cedfd0008c8afa9</guid>        <itunes:author>Rolex and The Washington Post Creative Group</itunes:author>        <itunes:duration>1161</itunes:duration>            <enclosure url="https://chrt.fm/track/7429E/podtrac.com/pts/redirect.mp3/podcast.washpostpodcasts.com/washpost-production/60c242db52faff00083a2765/20230503/6452b97a4cedfd0008c8afa9/6452b97c08d36a66cfca11c6_1351620000001-300040_t_1683143040399_44100_128_2.mp3?awCollectionId=60c242db52faff00083a2765&amp;awEpisodeId=6452b97a4cedfd0008c8afa9" type="audio/mpeg" length="18570019"/>                <itunes:image href="https://podcast.posttv.com/series/20230509/t_1683661006442_name__E01.png"/>            <itunes:subtitle>Meet the biologist canoeing 40,000km of Africa’s under-researched rivers to solve water and food security concerns for millions.</itunes:subtitle>        <itunes:summary>Meet the biologist canoeing 40,000km of Africa’s under-researched rivers to solve water and food security concerns for millions.</itunes:summary>                <feedburner:origLink>https://www.washingtonpost.com/rolex-partnership-content/climate-solutions/planet-visionaries/?tid=aud_rsslink&amp;utm_source=podcasts&amp;utm_medium=referral&amp;utm_campaign=planet-visionaries</feedburner:origLink>                <itunes:episodeType>full</itunes:episodeType>        </item>    <item>        <title>Season 3 Trailer</title>            <link>https://www.washingtonpost.com/rolex-partnership-content/climate-solutions/planet-visionaries/?tid=aud_rsslink&amp;utm_source=podcasts&amp;utm_medium=referral&amp;utm_campaign=planet-visionaries</link>                <description>Join host Alex Honnold for Season 3 of “Planet Visionaries.” Hear the stories of the explorers, adventurers and scientists solving Earth’s biggest climate challenges in this podcast.</description>                <pubDate>Thu, 04 May 2023 04:00:00 +0000</pubDate>            <dc:creator>Rolex and The Washington Post Creative Group</dc:creator>        <guid isPermaLink="false">6452b8764cedfd0008c8af8f</guid>        <itunes:author>Rolex and The Washington Post Creative Group</itunes:author>        <itunes:duration>21</itunes:duration>            <enclosure url="https://chrt.fm/track/7429E/podtrac.com/pts/redirect.mp3/podcast.washpostpodcasts.com/washpost-production/60c242db52faff00083a2765/20230503/6452b8764cedfd0008c8af8f/6452b876bb9ef13f8d49a42e_1351620000001-300040_t_1683142778759_44100_128_2.mp3?awCollectionId=60c242db52faff00083a2765&amp;awEpisodeId=6452b8764cedfd0008c8af8f" type="audio/mpeg" length="321930"/>                <itunes:image href="https://podcast.posttv.com/series/20230509/t_1683661056203_name__trailer_v3.jpg"/>            <itunes:subtitle>Join host Alex Honnold for Season 3 of “Planet Visionaries.” Hear the stories of the explorers, adventurers and scientists solving Earth’s biggest climate challenges in this podcast.</itunes:subtitle>        <itunes:summary>Join host Alex Honnold for Season 3 of “Planet Visionaries.” Hear the stories of the explorers, adventurers and scientists solving Earth’s biggest climate challenges in this podcast.</itunes:summary>                <feedburner:origLink>https://www.washingtonpost.com/rolex-partnership-content/climate-solutions/planet-visionaries/?tid=aud_rsslink&amp;utm_source=podcasts&amp;utm_medium=referral&amp;utm_campaign=planet-visionaries</feedburner:origLink>                <itunes:episodeType>trailer</itunes:episodeType>        </item>    <item>        <title>Putting Indigenous expertise on the map</title>            <link>https://www.washingtonpost.com/rolex-partnership-content/climate-solutions/planet-visionaries/?tid=aud_rsslink&amp;utm_source=podcasts&amp;utm_medium=referral&amp;utm_campaign=planet-visionaries</link>                <description>Mapping Indigenous knowledge could help a nation adapt to climate change. Geographer and climate action advocate Hindou Oumarou Ibrahim explains how. </description>                <pubDate>Wed, 07 Dec 2022 11:35:54 +0000</pubDate>            <dc:creator>Rolex and The Washington Post Creative Group</dc:creator>        <guid isPermaLink="false">63907a9a4cedfd0008bded75</guid>        <itunes:author>Rolex and The Washington Post Creative Group</itunes:author>        <itunes:duration>1498</itunes:duration>            <enclosure url="https://chrt.fm/track/7429E/podtrac.com/pts/redirect.mp3/podcast.washpostpodcasts.com/washpost-production/60c242db52faff00083a2765/20221207/63907a9a4cedfd0008bded75/63907a9a5d1e1f57baa1bdf1_1351620000001-300040_t_1670412961043_44100_128_2.mp3?awCollectionId=60c242db52faff00083a2765&amp;awEpisodeId=63907a9a4cedfd0008bded75" type="audio/mpeg" length="23954170"/>                <itunes:image href="https://podcast.posttv.com/series/20221207/t_1670412936419_name__E09.jpg"/>            <itunes:subtitle>Mapping Indigenous knowledge could help a nation adapt to climate change. Geographer and climate action advocate Hindou Oumarou Ibrahim explains how. </itunes:subtitle>        <itunes:summary>Mapping Indigenous knowledge could help a nation adapt to climate change. Geographer and climate action advocate Hindou Oumarou Ibrahim explains how. </itunes:summary>                <feedburner:origLink>https://www.washingtonpost.com/rolex-partnership-content/climate-solutions/planet-visionaries/?tid=aud_rsslink&amp;utm_source=podcasts&amp;utm_medium=referral&amp;utm_campaign=planet-visionaries</feedburner:origLink>                <itunes:episodeType>full</itunes:episodeType>        </item>    <item>        <title>Engineering an end to ‘hidden hunger’</title>            <link>https://www.washingtonpost.com/rolex-partnership-content/climate-solutions/planet-visionaries/?tid=aud_rsslink&amp;utm_source=podcasts&amp;utm_medium=referral&amp;utm_campaign=planet-visionaries</link>                <description>Malnutrition is a global problem with global consequences. Could this machine fix it? </description>                <pubDate>Wed, 09 Nov 2022 14:13:15 +0000</pubDate>            <dc:creator>Rolex and The Washington Post Creative Group</dc:creator>        <guid isPermaLink="false">636bb57b4cedfd0008aeb7df</guid>        <itunes:author>Rolex and The Washington Post Creative Group</itunes:author>        <itunes:duration>1002</itunes:duration>            <enclosure url="https://chrt.fm/track/7429E/podtrac.com/pts/redirect.mp3/podcast.washpostpodcasts.com/washpost-production/60c242db52faff00083a2765/20221109/636bb57b4cedfd0008aeb7df/636bb57b57a591418865bb02_1351620000001-300040_t_1668003199500_44100_128_2.mp3?awCollectionId=60c242db52faff00083a2765&amp;awEpisodeId=636bb57b4cedfd0008aeb7df" type="audio/mpeg" length="16017960"/>                <itunes:image href="https://podcast.posttv.com/series/20221109/t_1668003057549_name__E08.jpg"/>            <itunes:subtitle>Malnutrition is a global problem with global consequences. Could this machine fix it? </itunes:subtitle>        <itunes:summary>Malnutrition is a global problem with global consequences. Could this machine fix it? </itunes:summary>                <feedburner:origLink>https://www.washingtonpost.com/rolex-partnership-content/climate-solutions/planet-visionaries/?tid=aud_rsslink&amp;utm_source=podcasts&amp;utm_medium=referral&amp;utm_campaign=planet-visionaries</feedburner:origLink>                <itunes:episodeType>full</itunes:episodeType>        </item>    <item>        <title>The small town taking on climate change </title>            <link>https://www.washingtonpost.com/rolex-partnership-content/climate-solutions/planet-visionaries/?tid=aud_rsslink&amp;utm_source=podcasts&amp;utm_medium=referral&amp;utm_campaign=planet-visionaries</link>                <description> High in the Himalaya, a tiny community is testing a new conservation model that could have far-reaching effects.    
</description>                <pubDate>Wed, 19 Oct 2022 07:01:00 +0000</pubDate>            <dc:creator>Rolex and The Washington Post Creative Group</dc:creator>        <guid isPermaLink="false">634f20c352faff0008a5b16a</guid>        <itunes:author>Rolex and The Washington Post Creative Group</itunes:author>        <itunes:duration>1023</itunes:duration>            <enclosure url="https://chrt.fm/track/7429E/podtrac.com/pts/redirect.mp3/podcast.washpostpodcasts.com/washpost-production/60c242db52faff00083a2765/20221018/634f20c352faff0008a5b16a/634f20c400e1586bfbafe26b_1351620000001-300040_t_1666130119345_44100_128_2.mp3?awCollectionId=60c242db52faff00083a2765&amp;awEpisodeId=634f20c352faff0008a5b16a" type="audio/mpeg" length="16354001"/>                <itunes:image href="https://podcast.posttv.com/series/20221018/t_1666127418841_name__E07__1_.jpg"/>            <itunes:subtitle> High in the Himalaya, a tiny community is testing a new conservation model that could have far-reaching effects.    
</itunes:subtitle>        <itunes:summary> High in the Himalaya, a tiny community is testing a new conservation model that could have far-reaching effects.    
</itunes:summary>                <feedburner:origLink>https://www.washingtonpost.com/rolex-partnership-content/climate-solutions/planet-visionaries/?tid=aud_rsslink&amp;utm_source=podcasts&amp;utm_medium=referral&amp;utm_campaign=planet-visionaries</feedburner:origLink>                <itunes:episodeType>full</itunes:episodeType>        </item>    <item>        <title>What are ‘deep' reefs’?</title>            <link>https://www.washingtonpost.com/rolex-partnership-content/climate-solutions/planet-visionaries/?tid=aud_rsslink&amp;utm_source=podcasts&amp;utm_medium=referral&amp;utm_campaign=planet-visionaries</link>                <description>The ocean’s murky and difficult-to-reach “middle light” zone is teeming with undiscovered species. Meet the man on a mission to find them.</description>                <pubDate>Mon, 12 Sep 2022 04:01:00 +0000</pubDate>            <dc:creator>Rolex and The Washington Post Creative Group</dc:creator>        <guid isPermaLink="false">631b9e5346e0fb00084ac02c</guid>        <itunes:author>Rolex and The Washington Post Creative Group</itunes:author>        <itunes:duration>1214</itunes:duration>            <enclosure url="https://chrt.fm/track/7429E/podtrac.com/pts/redirect.mp3/podcast.washpostpodcasts.com/washpost-production/60c242db52faff00083a2765/20220912/631b9e5346e0fb00084ac02c/631f2ddb00e1586bfbafc747_1351620000001-300040_t_1662987743366_44100_128_2.mp3?awCollectionId=60c242db52faff00083a2765&amp;awEpisodeId=631b9e5346e0fb00084ac02c" type="audio/mpeg" length="19416385"/>                <itunes:image href="https://podcast.posttv.com/series/20220909/t_1662754339124_name__E06_NoTag.jpg"/>            <itunes:subtitle>The ocean’s murky and difficult-to-reach “middle light” zone is teeming with undiscovered species. Meet the man on a mission to find them.</itunes:subtitle>        <itunes:summary>The ocean’s murky and difficult-to-reach “middle light” zone is teeming with undiscovered species. Meet the man on a mission to find them.</itunes:summary>                <feedburner:origLink>https://www.washingtonpost.com/rolex-partnership-content/climate-solutions/planet-visionaries/?tid=aud_rsslink&amp;utm_source=podcasts&amp;utm_medium=referral&amp;utm_campaign=planet-visionaries</feedburner:origLink>                <itunes:episodeType>full</itunes:episodeType>        </item>    <item>        <title>Exploring Earth’s underground secrets</title>            <link>https://www.washingtonpost.com/rolex-partnership-content/climate-solutions/planet-visionaries/?tid=aud_rsslink&amp;utm_source=podcasts&amp;utm_medium=referral&amp;utm_campaign=planet-visionaries</link>                <description>Two scientists are searching the world’s most remote caves for clues to our climate’s past — and future. </description>                <pubDate>Fri, 12 Aug 2022 04:01:00 +0000</pubDate>            <dc:creator>Rolex and The Washington Post Creative Group</dc:creator>        <guid isPermaLink="false">62f3aa7b52faff0008bd9c78</guid>        <itunes:author>Rolex and The Washington Post Creative Group</itunes:author>        <itunes:duration>1190</itunes:duration>            <enclosure url="https://chrt.fm/track/7429E/podtrac.com/pts/redirect.mp3/podcast.washpostpodcasts.com/washpost-production/60c242db52faff00083a2765/20220810/62f3aa7b52faff0008bd9c78/62f3aa7b00e1586bfbafb4fe_1351620000001-300040_t_1660136063322_44100_128_2.mp3?awCollectionId=60c242db52faff00083a2765&amp;awEpisodeId=62f3aa7b52faff0008bd9c78" type="audio/mpeg" length="19026444"/>                <itunes:image href="https://podcast.posttv.com/series/20220810/t_1660136002114_name__E05_NoTag.jpg"/>            <itunes:subtitle>Two scientists are searching the world’s most remote caves for clues to our climate’s past — and future. </itunes:subtitle>        <itunes:summary>Two scientists are searching the world’s most remote caves for clues to our climate’s past — and future. </itunes:summary>                <feedburner:origLink>https://www.washingtonpost.com/rolex-partnership-content/climate-solutions/planet-visionaries/?tid=aud_rsslink&amp;utm_source=podcasts&amp;utm_medium=referral&amp;utm_campaign=planet-visionaries</feedburner:origLink>                <itunes:episodeType>full</itunes:episodeType>        </item>    <item>        <title>Diving to Chile’s hidden depths </title>            <link>https://www.washingtonpost.com/rolex-partnership-content/climate-solutions/planet-visionaries/?tid=aud_rsslink&amp;utm_source=podcasts&amp;utm_medium=referral&amp;utm_campaign=planet-visionaries</link>                <description>A daring diver discovers new life — and a unique ecosystem — in Patagonia’s remote fjords.</description>                <pubDate>Thu, 14 Jul 2022 04:01:00 +0000</pubDate>            <dc:creator>Rolex and The Washington Post Creative Group</dc:creator>        <guid isPermaLink="false">62ceae2e52faff0008bd934a</guid>        <itunes:author>Rolex and The Washington Post Creative Group</itunes:author>        <itunes:duration>1248</itunes:duration>            <enclosure url="https://chrt.fm/track/7429E/podtrac.com/pts/redirect.mp3/podcast.washpostpodcasts.com/washpost-production/60c242db52faff00083a2765/20220713/62ceae2e52faff0008bd934a/62ceae2f5d1e1f57baa16475_1351620000001-300040_t_1657712180763_44100_128_2.mp3?awCollectionId=60c242db52faff00083a2765&amp;awEpisodeId=62ceae2e52faff0008bd934a" type="audio/mpeg" length="19953882"/>                <itunes:image href="https://podcast.posttv.com/series/20220713/t_1657712055066_name__E04_NoTag.jpg"/>            <itunes:subtitle>A daring diver discovers new life — and a unique ecosystem — in Patagonia’s remote fjords.</itunes:subtitle>        <itunes:summary>A daring diver discovers new life — and a unique ecosystem — in Patagonia’s remote fjords.</itunes:summary>                <feedburner:origLink>https://www.washingtonpost.com/rolex-partnership-content/climate-solutions/planet-visionaries/?tid=aud_rsslink&amp;utm_source=podcasts&amp;utm_medium=referral&amp;utm_campaign=planet-visionaries</feedburner:origLink>                <itunes:episodeType>full</itunes:episodeType>        </item>    <item>        <title>Meet Africa’s “Father of Turtles”</title>            <link>https://www.washingtonpost.com/rolex-partnership-content/climate-solutions/planet-visionaries/?tid=aud_rsslink&amp;utm_source=podcasts&amp;utm_medium=referral&amp;utm_campaign=planet-visionaries</link>                <description>Trailblazing conservationist Tomas Diagne on why protecting turtles protects the planet.</description>                <pubDate>Fri, 24 Jun 2022 04:01:00 +0000</pubDate>            <dc:creator>Rolex and The Washington Post Creative Group</dc:creator>        <guid isPermaLink="false">62b48bcd4cedfd0009200b20</guid>        <itunes:author>Rolex and The Washington Post Creative Group</itunes:author>        <itunes:duration>1229</itunes:duration>            <enclosure url="https://chrt.fm/track/7429E/podtrac.com/pts/redirect.mp3/podcast.washpostpodcasts.com/washpost-production/60c242db52faff00083a2765/20220623/62b48bcd4cedfd0009200b20/62b48bce5d1e1f57baa15ae7_1351620000001-300040_t_1655999442595_44100_128_2.mp3?awCollectionId=60c242db52faff00083a2765&amp;awEpisodeId=62b48bcd4cedfd0009200b20" type="audio/mpeg" length="19657131"/>                <itunes:image href="https://podcast.posttv.com/series/20220624/t_1656079814650_name__E03_NoTag.jpg"/>            <itunes:subtitle>Trailblazing conservationist Tomas Diagne on why protecting turtles protects the planet.</itunes:subtitle>        <itunes:summary>Trailblazing conservationist Tomas Diagne on why protecting turtles protects the planet.</itunes:summary>                <feedburner:origLink>https://www.washingtonpost.com/rolex-partnership-content/climate-solutions/planet-visionaries/?tid=aud_rsslink&amp;utm_source=podcasts&amp;utm_medium=referral&amp;utm_campaign=planet-visionaries</feedburner:origLink>                <itunes:episodeType>full</itunes:episodeType>        </item>    <item>        <title>How one man is saving hundreds of species </title>            <link>https://www.washingtonpost.com/rolex-partnership-content/climate-solutions/planet-visionaries/?tid=aud_rsslink&amp;utm_source=podcasts&amp;utm_medium=referral&amp;utm_campaign=planet-visionaries</link>                <description>Meet Rohan Pethiyagoda, the pioneering naturalist reclaiming Sri Lanka’s mysterious cloud forests.</description>                <pubDate>Fri, 27 May 2022 04:01:00 +0000</pubDate>            <dc:creator>Rolex and The Washington Post Creative Group</dc:creator>        <guid isPermaLink="false">628fb9d4cff47e00085f25a4</guid>        <itunes:author>Rolex and The Washington Post Creative Group</itunes:author>        <itunes:duration>1343</itunes:duration>            <enclosure url="https://chrt.fm/track/7429E/podtrac.com/pts/redirect.mp3/podcast.washpostpodcasts.com/washpost-production/60c242db52faff00083a2765/20220526/628fb9d4cff47e00085f25a4/628fb9d557a59141886559ab_1351620000001-300040_t_1653586392629_44100_128_2.mp3?awCollectionId=60c242db52faff00083a2765&amp;awEpisodeId=628fb9d4cff47e00085f25a4" type="audio/mpeg" length="21473164"/>                <itunes:image href="https://podcast.posttv.com/series/20220526/t_1653586304640_name__E02_NoTag.png"/>            <itunes:subtitle>Meet Rohan Pethiyagoda, the pioneering naturalist reclaiming Sri Lanka’s mysterious cloud forests.</itunes:subtitle>        <itunes:summary>Meet Rohan Pethiyagoda, the pioneering naturalist reclaiming Sri Lanka’s mysterious cloud forests.</itunes:summary>                <feedburner:origLink>https://www.washingtonpost.com/rolex-partnership-content/climate-solutions/planet-visionaries/?tid=aud_rsslink&amp;utm_source=podcasts&amp;utm_medium=referral&amp;utm_campaign=planet-visionaries</feedburner:origLink>                <itunes:episodeType>full</itunes:episodeType>        </item>    <item>        <title>Two pioneers talk bold new solutions to wildlife conservation</title>            <link>https://www.washingtonpost.com/rolex-partnership-content/climate-solutions/planet-visionaries/?tid=aud_rsslink&amp;utm_source=podcasts&amp;utm_medium=referral&amp;utm_campaign=planet-visionaries</link>                <description>These legendary conservationists champion innovative new solutions for protecting threatened species. </description>                <pubDate>Fri, 29 Apr 2022 04:01:00 +0000</pubDate>            <dc:creator>Rolex and The Washington Post Creative Group</dc:creator>        <guid isPermaLink="false">6266f343cff47e00098c952e</guid>        <itunes:author>Rolex and The Washington Post Creative Group</itunes:author>        <itunes:duration>1582</itunes:duration>            <enclosure url="https://chrt.fm/track/7429E/podtrac.com/pts/redirect.mp3/podcast.washpostpodcasts.com/washpost-production/60c242db52faff00083a2765/20220502/6266f343cff47e00098c952e/626fe6ac5d1e1f57baa13f92_1351620000001-300040_t_1651500721195_44100_128_2.mp3?awCollectionId=60c242db52faff00083a2765&amp;awEpisodeId=6266f343cff47e00098c952e" type="audio/mpeg" length="25312141"/>                <itunes:image href="https://podcast.posttv.com/series/20220428/t_1651180900051_name__E01_NoTag_v3.jpg"/>            <itunes:subtitle>These legendary conservationists champion innovative new solutions for protecting threatened species. </itunes:subtitle>        <itunes:summary>These legendary conservationists champion innovative new solutions for protecting threatened species. </itunes:summary>                <feedburner:origLink>https://www.washingtonpost.com/rolex-partnership-content/climate-solutions/planet-visionaries/?tid=aud_rsslink&amp;utm_source=podcasts&amp;utm_medium=referral&amp;utm_campaign=planet-visionaries</feedburner:origLink>                <itunes:episodeType>full</itunes:episodeType>        </item>    <item>        <title>Season 2 Trailer</title>            <link>https://www.washingtonpost.com/rolex-partnership-content/climate-solutions/planet-visionaries/?tid=aud_rsslink&amp;utm_source=podcasts&amp;utm_medium=referral&amp;utm_campaign=planet-visionaries</link>                <description>Join Alex Honnold for season 2 of Planet Visionaries, featuring more incredible individuals helping to solve global conservation issues. </description>                <pubDate>Fri, 29 Apr 2022 03:30:00 +0000</pubDate>            <dc:creator>Rolex and The Washington Post Creative Group</dc:creator>        <guid isPermaLink="false">6266f443cff47e00098c9542</guid>        <itunes:author>Rolex and The Washington Post Creative Group</itunes:author>        <itunes:duration>72</itunes:duration>            <enclosure url="https://chrt.fm/track/7429E/podtrac.com/pts/redirect.mp3/podcast.washpostpodcasts.com/washpost-production/60c242db52faff00083a2765/20220425/6266f443cff47e00098c9542/6266f44657a5914188654561_1351620000001-300040_t_1650914378577_44100_128_2.mp3?awCollectionId=60c242db52faff00083a2765&amp;awEpisodeId=6266f443cff47e00098c9542" type="audio/mpeg" length="1138618"/>                <itunes:image href="https://podcast.posttv.com/series/20220427/t_1651073266518_name__trailer_v1_NoTag.jpg"/>            <itunes:subtitle>Join Alex Honnold for season 2 of Planet Visionaries, featuring more incredible individuals helping to solve global conservation issues. </itunes:subtitle>        <itunes:summary>Join Alex Honnold for season 2 of Planet Visionaries, featuring more incredible individuals helping to solve global conservation issues. </itunes:summary>                <feedburner:origLink>https://www.washingtonpost.com/rolex-partnership-content/climate-solutions/planet-visionaries/?tid=aud_rsslink&amp;utm_source=podcasts&amp;utm_medium=referral&amp;utm_campaign=planet-visionaries</feedburner:origLink>                <itunes:episodeType>full</itunes:episodeType>        </item>    <item>        <title>The scientist turning plastics into possibility</title>            <link>https://www.washingtonpost.com/rolex-partnership-content/climate-solutions/planet-visionaries/?tid=aud_rsslink&amp;utm_source=podcasts&amp;utm_medium=referral&amp;utm_campaign=planet-visionaries</link>                <description>Scientist Miranda Wang is using innovative chemistry to upcycle discarded plastics. </description>                <pubDate>Thu, 06 Jan 2022 05:00:00 +0000</pubDate>            <dc:creator>Rolex and The Washington Post Creative Group</dc:creator>        <guid isPermaLink="false">61c34ea152faff0008bf6a29</guid>        <itunes:author>Rolex and The Washington Post Creative Group</itunes:author>        <itunes:duration>1166</itunes:duration>            <enclosure url="https://chrt.fm/track/7429E/podtrac.com/pts/redirect.mp3/podcast.washpostpodcasts.com/washpost-production/60c242db52faff00083a2765/20211222/61c34ea152faff0008bf6a29/61c34ea2d60180001149262f_1351620000001-300040_t_1640189606263_44100_128_2.mp3?awCollectionId=60c242db52faff00083a2765&amp;awEpisodeId=61c34ea152faff0008bf6a29" type="audio/mpeg" length="18649020"/>                <itunes:image href="https://podcast.posttv.com/series/20211222/t_1640189538693_name_wp_rolex_podcast_tiles_7_no_tag.jpg"/>            <itunes:subtitle>Scientist Miranda Wang is using innovative chemistry to upcycle discarded plastics. </itunes:subtitle>        <itunes:summary>Scientist Miranda Wang is using innovative chemistry to upcycle discarded plastics. </itunes:summary>                <feedburner:origLink>https://www.washingtonpost.com/rolex-partnership-content/climate-solutions/planet-visionaries/?tid=aud_rsslink&amp;utm_source=podcasts&amp;utm_medium=referral&amp;utm_campaign=planet-visionaries</feedburner:origLink>                <itunes:episodeType>full</itunes:episodeType>        </item>    <item>        <title>Using sound technology to protect the rainforest</title>            <link>https://www.washingtonpost.com/rolex-partnership-content/climate-solutions/planet-visionaries/?tid=aud_rsslink&amp;utm_source=podcasts&amp;utm_medium=referral&amp;utm_campaign=planet-visionaries</link>                <description>Technologist Topher White is using audio in new ways to help find and stop deforestation. </description>                <pubDate>Thu, 30 Dec 2021 03:53:28 +0000</pubDate>            <dc:creator>Rolex and The Washington Post Creative Group</dc:creator>        <guid isPermaLink="false">61c34ceb52faff0008bf6a16</guid>        <itunes:author>Rolex and The Washington Post Creative Group</itunes:author>        <itunes:duration>1213</itunes:duration>            <enclosure url="https://chrt.fm/track/7429E/podtrac.com/pts/redirect.mp3/podcast.washpostpodcasts.com/washpost-production/60c242db52faff00083a2765/20211222/61c34ceb52faff0008bf6a16/61c34cec52faff0011347b71_1351620000001-300040_t_1640189169290_44100_128_2.mp3?awCollectionId=60c242db52faff00083a2765&amp;awEpisodeId=61c34ceb52faff0008bf6a16" type="audio/mpeg" length="19392570"/>                <itunes:image href="https://podcast.posttv.com/series/20211222/t_1640188979013_name_wp_rolex_podcast_tiles_6_no_tag.jpg"/>            <itunes:subtitle>Technologist Topher White is using audio in new ways to help find and stop deforestation. </itunes:subtitle>        <itunes:summary>Technologist Topher White is using audio in new ways to help find and stop deforestation. </itunes:summary>                <feedburner:origLink>https://www.washingtonpost.com/rolex-partnership-content/climate-solutions/planet-visionaries/?tid=aud_rsslink&amp;utm_source=podcasts&amp;utm_medium=referral&amp;utm_campaign=planet-visionaries</feedburner:origLink>                <itunes:episodeType>full</itunes:episodeType>        </item>    <item>        <title>A glaciologist's unexpected discovery</title>            <link>https://www.washingtonpost.com/rolex-partnership-content/climate-solutions/planet-visionaries/?tid=aud_rsslink&amp;utm_source=podcasts&amp;utm_medium=referral&amp;utm_campaign=planet-visionaries</link>                <description>Glaciologist Joseph Cook discovered an unusual contributor to sea level rise. </description>                <pubDate>Thu, 02 Dec 2021 05:00:00 +0000</pubDate>            <dc:creator>Rolex and The Washington Post Creative Group</dc:creator>        <guid isPermaLink="false">61a6b73452faff00083a16c8</guid>        <itunes:author>Rolex and The Washington Post Creative Group</itunes:author>        <itunes:duration>1172</itunes:duration>            <enclosure url="https://chrt.fm/track/7429E/podtrac.com/pts/redirect.mp3/podcast.washpostpodcasts.com/washpost-production/60c242db52faff00083a2765/20211130/61a6b73452faff00083a16c8/61a6b73652faff0011346e80_1351620000001-300040_t_1638315834536_44100_128_2.mp3?awCollectionId=60c242db52faff00083a2765&amp;awEpisodeId=61a6b73452faff00083a16c8" type="audio/mpeg" length="18736804"/>                <itunes:image href="https://podcast.posttv.com/series/20211130/t_1638315626159_name_wp_rolex_podcast_tiles_5_no_tag.jpg"/>            <itunes:subtitle>Glaciologist Joseph Cook discovered an unusual contributor to sea level rise. </itunes:subtitle>        <itunes:summary>Glaciologist Joseph Cook discovered an unusual contributor to sea level rise. </itunes:summary>                <feedburner:origLink>https://www.washingtonpost.com/rolex-partnership-content/climate-solutions/planet-visionaries/?tid=aud_rsslink&amp;utm_source=podcasts&amp;utm_medium=referral&amp;utm_campaign=planet-visionaries</feedburner:origLink>                <itunes:episodeType>full</itunes:episodeType>        </item>    <item>        <title>Peru's protector of the seas</title>            <link>https://www.washingtonpost.com/rolex-partnership-content/climate-solutions/planet-visionaries/?tid=aud_rsslink&amp;utm_source=podcasts&amp;utm_medium=referral&amp;utm_campaign=planet-visionaries</link>                <description>Inside conservation biologist Kerstin Forsberg’s community-based approach to saving the majestic manta ray.</description>                <pubDate>Thu, 07 Oct 2021 04:01:00 +0000</pubDate>            <dc:creator>Rolex and The Washington Post Creative Group</dc:creator>        <guid isPermaLink="false">6155bde3cff47e000810aa9e</guid>        <itunes:author>Rolex and The Washington Post Creative Group</itunes:author>        <itunes:duration>1421</itunes:duration>            <enclosure url="https://chrt.fm/track/7429E/podtrac.com/pts/redirect.mp3/podcast.washpostpodcasts.com/washpost-production/60c242db52faff00083a2765/20210930/6155bde3cff47e000810aa9e/t_1633009219401_name_t_1633009058316_name_Ep_4_Kerstin_Forsberg_v3_0_FINAL_m1_0_output.mp3?awCollectionId=60c242db52faff00083a2765&amp;awEpisodeId=6155bde3cff47e000810aa9e" type="audio/mpeg" length="0"/>                <itunes:image href="https://podcast.posttv.com/podcast/20210930/t_1633009010877_name_wp_rolex_podcast_tile_4_no_tag.jpg"/>            <itunes:subtitle>Inside conservation biologist Kerstin Forsberg’s community-based approach to saving the majestic manta ray.</itunes:subtitle>        <itunes:summary>Inside conservation biologist Kerstin Forsberg’s community-based approach to saving the majestic manta ray.</itunes:summary>                <feedburner:origLink>https://www.washingtonpost.com/rolex-partnership-content/climate-solutions/planet-visionaries/?tid=aud_rsslink&amp;utm_source=podcasts&amp;utm_medium=referral&amp;utm_campaign=planet-visionaries</feedburner:origLink>                <itunes:episodeType>full</itunes:episodeType>        </item>    <item>        <title>The man who predicts eruptions</title>            <link>https://www.washingtonpost.com/rolex-partnership-content/climate-solutions/planet-visionaries/?tid=aud_rsslink&amp;utm_source=podcasts&amp;utm_medium=referral&amp;utm_campaign=planet-visionaries</link>                <description>Andrew McGonigle has leveraged digital technology in an effort to better forecast volcanic activity, learn about the planet and save lives.</description>                <pubDate>Thu, 02 Sep 2021 04:00:00 +0000</pubDate>            <dc:creator>Rolex and The Washington Post Creative Group</dc:creator>        <guid isPermaLink="false">612fbbf5c9e77c00086995a6</guid>        <itunes:author>Rolex and The Washington Post Creative Group</itunes:author>        <itunes:duration>1175</itunes:duration>            <enclosure url="https://chrt.fm/track/7429E/podtrac.com/pts/redirect.mp3/podcast.washpostpodcasts.com/washpost-production/60c242db52faff00083a2765/20210901/612fbbf5c9e77c00086995a6/t_1630518333219_name_t_1630518231337_name_Ep_3_Andrew_McGonigle_v4_0_FINAL_m1_0_output.mp3?awCollectionId=60c242db52faff00083a2765&amp;awEpisodeId=612fbbf5c9e77c00086995a6" type="audio/mpeg" length="0"/>                <itunes:image href="https://podcast.posttv.com/podcast/20210907/t_1631031101231_name_wp_rolex_podcast_tiles_3_b_no_tag.jpg"/>            <itunes:subtitle>Andrew McGonigle has leveraged digital technology in an effort to better forecast volcanic activity, learn about the planet and save lives.</itunes:subtitle>        <itunes:summary>Andrew McGonigle has leveraged digital technology in an effort to better forecast volcanic activity, learn about the planet and save lives.</itunes:summary>                <feedburner:origLink>https://www.washingtonpost.com/rolex-partnership-content/climate-solutions/planet-visionaries/?tid=aud_rsslink&amp;utm_source=podcasts&amp;utm_medium=referral&amp;utm_campaign=planet-visionaries</feedburner:origLink>                <itunes:episodeType>full</itunes:episodeType>        </item>    <item>        <title>The penguin protector</title>            <link>https://www.washingtonpost.com/rolex-partnership-content/climate-solutions/planet-visionaries/?tid=aud_rsslink&amp;utm_source=podcasts&amp;utm_medium=referral&amp;utm_campaign=planet-visionaries</link>                <description>Pablo García Borboroglu blends direct action, research, advocacy and education to safeguard penguins.</description>                <pubDate>Thu, 29 Jul 2021 04:00:00 +0000</pubDate>            <dc:creator>Rolex and The Washington Post Creative Group</dc:creator>        <guid isPermaLink="false">60c8d87ec9e77c00093e9179</guid>        <itunes:author>Rolex and The Washington Post Creative Group</itunes:author>        <itunes:duration>1594</itunes:duration>            <enclosure url="https://chrt.fm/track/7429E/podtrac.com/pts/redirect.mp3/podcast.washpostpodcasts.com/washpost-production/60c242db52faff00083a2765/20210728/60c8d87ec9e77c00093e9179/t_1627487916429_name_t_1627487797441_name_Pablo_Borboroglu_v5_0_m1_0_FINAL_output.mp3?awCollectionId=60c242db52faff00083a2765&amp;awEpisodeId=60c8d87ec9e77c00093e9179" type="audio/mpeg" length="0"/>                <itunes:image href="https://podcast.posttv.com/podcast/20210728/t_1627487634221_name_wp_rolex_podcast_tiles_2_no_icon.jpg"/>            <itunes:subtitle>Pablo García Borboroglu blends direct action, research, advocacy and education to safeguard penguins.</itunes:subtitle>        <itunes:summary>Pablo García Borboroglu blends direct action, research, advocacy and education to safeguard penguins.</itunes:summary>                <feedburner:origLink>https://www.washingtonpost.com/rolex-partnership-content/climate-solutions/planet-visionaries/?tid=aud_rsslink&amp;utm_source=podcasts&amp;utm_medium=referral&amp;utm_campaign=planet-visionaries</feedburner:origLink>                <itunes:episodeType>full</itunes:episodeType>        </item>    <item>        <title>The ocean explorer turned environmentalist</title>            <link>https://www.washingtonpost.com/rolex-partnership-content/climate-solutions/planet-visionaries/?tid=aud_rsslink&amp;utm_source=podcasts&amp;utm_medium=referral&amp;utm_campaign=planet-visionaries</link>                <description>Meet Sylvia Earle, a legendary explorer, oceanographer and Rolex Testimonee, who has dedicated her life to protecting marine habitats.</description>                <pubDate>Thu, 24 Jun 2021 03:30:00 +0000</pubDate>            <dc:creator>Rolex and The Washington Post Creative Group</dc:creator>        <guid isPermaLink="false">60c7a32e52faff0008932619</guid>        <itunes:author>Rolex and The Washington Post Creative Group</itunes:author>        <itunes:duration>1490</itunes:duration>            <enclosure url="https://chrt.fm/track/7429E/podtrac.com/pts/redirect.mp3/podcast.washpostpodcasts.com/washpost-production/60c242db52faff00083a2765/20210623/60c7a32e52faff0008932619/60d37d5bcff47e0007e26373_1351620000001-300040_t_1624472926456_44100_128_2.mp3?awCollectionId=60c242db52faff00083a2765&amp;awEpisodeId=60c7a32e52faff0008932619" type="audio/mpeg" length="23829219"/>                <itunes:image href="https://podcast.posttv.com/podcast/20210623/t_1624473370889_name_rolex_podcast_art_episode1_2000x2000.jpg"/>            <itunes:subtitle>Meet Sylvia Earle, a legendary explorer, oceanographer and Rolex Testimonee, who has dedicated her life to protecting marine habitats.</itunes:subtitle>        <itunes:summary>Meet Sylvia Earle, a legendary explorer, oceanographer and Rolex Testimonee, who has dedicated her life to protecting marine habitats.</itunes:summary>                <feedburner:origLink>https://www.washingtonpost.com/rolex-partnership-content/climate-solutions/planet-visionaries/?tid=aud_rsslink&amp;utm_source=podcasts&amp;utm_medium=referral&amp;utm_campaign=planet-visionaries</feedburner:origLink>                <itunes:episodeType>full</itunes:episodeType>        </item>    <item>        <title>Planet Visionaries Trailer</title>            <link>https://www.washingtonpost.com/rolex-partnership-content/climate-solutions/planet-visionaries/?tid=aud_rsslink&amp;utm_source=podcasts&amp;utm_medium=referral&amp;utm_campaign=planet-visionaries</link>                <description>A sneak peek at Planet Visionaries, the groundbreaking podcast that spotlights the people who are at the forefront of the quest to keep the planet perpetual.</description>                <pubDate>Tue, 15 Jun 2021 14:45:34 +0000</pubDate>            <dc:creator>Rolex and The Washington Post Creative Group</dc:creator>        <guid isPermaLink="false">60c2456952faff00083a2774</guid>        <itunes:author>Rolex and The Washington Post Creative Group</itunes:author>        <itunes:duration>61</itunes:duration>            <enclosure url="https://chrt.fm/track/7429E/podtrac.com/pts/redirect.mp3/podcast.washpostpodcasts.com/washpost-production/60c242db52faff00083a2765/20210623/60c2456952faff00083a2774/60d3831e46e0fb0007925325_1351620000001-300040_t_1624474401659_44100_128_2.mp3?awCollectionId=60c242db52faff00083a2765&amp;awEpisodeId=60c2456952faff00083a2774" type="audio/mpeg" length="961002"/>                <itunes:image href="https://podcast.posttv.com/podcast/20210623/t_1624473892698_name_rolex_podcast_art_trailer_2000x2000.jpg"/>            <itunes:subtitle>A sneak peek at Planet Visionaries, the groundbreaking podcast that spotlights the people who are at the forefront of the quest to keep the planet perpetual.</itunes:subtitle>        <itunes:summary>A sneak peek at Planet Visionaries, the groundbreaking podcast that spotlights the people who are at the forefront of the quest to keep the planet perpetual.</itunes:summary>                <feedburner:origLink>https://www.washingtonpost.com/rolex-partnership-content/climate-solutions/planet-visionaries/?tid=aud_rsslink&amp;utm_source=podcasts&amp;utm_medium=referral&amp;utm_campaign=planet-visionaries</feedburner:origLink>                <itunes:episodeType>trailer</itunes:episodeType>        </item></channel></rss>