<?xml  version="1.0" encoding="utf-8" ?> <rss version="2.0" xml:base="https://www.2600.com/" xmlns:atom="http://www.w3.org/2005/Atom" xmlns:itunes="http://www.itunes.com/dtds/podcast-1.0.dtd"> <channel> <title>Off The Hook</title>
 <description>Off The Hook a podcast from 2600: The Hacker Quarterly. It discusses the hacker&#039;s view of the emerging technology, and the threats posed by an increasingly Orwellian society. Hear updates on security flaws from the hacker perspective, as well as the latest news from within the hacker community. Follow us on Twitter &lt;a href=&quot;https://twitter.com/hackerradioshow&quot;&gt;@HackerRadioShow&lt;/a&gt; and Mastodon &lt;a href=&quot;https://hackers.town/@OffTheHook&quot;&gt;@OffTheHook@hackers.town&lt;/a&gt;</description>
 <link>https://www.2600.com/offthehook</link>
 <atom:link rel="self" type="application/rss+xml" title="Off The Hook" xmlns:atom="http://www.w3.org/2005/Atom" href="https://www.2600.com/oth-broadband.xml" />
 <language>en</language>
 <category>mp3</category>
 <category>128k</category>
 <category>Off The Hook</category>
 <category>Radio</category>
 <image> <url>http://www.2600.com/sites/default/files/offthehook/oth_banner_small.gif</url>
 <title>Off The Hook</title>
 <link>https://www.2600.com/offthehook</link>
 <description>2600: The Hacker Quarterly</description>
</image>
 <copyright>Copyright 1995-2023 2600 Enterprises, Inc. All Rights Reserved.</copyright>
 <managingEditor>oth@2600.com (Off The Hook)</managingEditor>
 <webMaster>webmaster@2600.com (webmaster)</webMaster>
 <docs>http://blogs.law.harvard.edu/tech/rss</docs>
 <pubDate>Thu, 21 Sep 2023 02:54:10 +0000</pubDate>
 <lastBuildDate>Thu, 21 Sep 2023 02:54:10 +0000</lastBuildDate>
 <itunes:category text="News &amp; Politics" />
 <itunes:category text="Technology"> <itunes:category text="Tech News" />
</itunes:category>
 <itunes:image href="http://www.2600.com/images/masthead-for-itunes-oth.png" />
 <itunes:author>2600 Enterprises</itunes:author>
 <itunes:explicit>no</itunes:explicit>
 <itunes:new-feed-url>https://www.2600.com/oth-broadband.xml</itunes:new-feed-url>
 <itunes:owner> <itunes:email>juintz@2600.com</itunes:email>
</itunes:owner>
 <item> <title>Off The Hook - Sep 20, 2023</title>
 <link>https://www.2600.com/offthehook/2023/0923.html</link>
 <description>The problem with Gmail&#039;s spam filters, Google ruined YouTube, the problem with Twitter, the problem with Mastodon, high profile Twitter accounts hacked, International Criminal Court hacked after vowing to prosecute cyber crime, remembering KRT_.
</description>
 <author>oth@2600.com (Emmanuel Goldstein et.al.)</author>
 <guid isPermaLink="false">oth20230920-hq</guid>
 <pubDate>Wed, 20 Sep 2023 19:00:00 EST</pubDate>
 <source url="https://www.2600.com/oth-broadband.xml">Off The Hook</source>
 <itunes:author>oth@2600.com (Emmanuel Goldstein et.al.)</itunes:author>
    <enclosure url="https://download.2600.com/mediadownload/www.2600.com/offthehook/mp3files/2023/off_the_hook__20230920-128.mp3" length="52134043" type="audio/mpeg" />
<itunes:duration>54:18</itunes:duration>
 </item>
 <item> <title>Off The Hook - Sep 06, 2023</title>
 <link>https://www.2600.com/offthehook/2023/0923.html</link>
 <description>WBAI&#039;s origins, why radio is better than podcasts, examples of some of the programming on WBAI, notable events in WBAI&#039;s history, WBAI has survived multiple takeover attempts, reaction to an April Fools prank, how Off The Hook archives can inspire others, how everyone on the panel found their way to WBAI, WBAI has survived multiple disasters.
</description>
 <author>oth@2600.com (Emmanuel Goldstein et.al.)</author>
 <guid isPermaLink="false">oth20230906-hq</guid>
 <pubDate>Wed, 06 Sep 2023 19:00:00 EST</pubDate>
 <source url="https://www.2600.com/oth-broadband.xml">Off The Hook</source>
 <itunes:author>oth@2600.com (Emmanuel Goldstein et.al.)</itunes:author>
    <enclosure url="https://download.2600.com/mediadownload/www.2600.com/offthehook/mp3files/2023/off_the_hook__20230906-128.mp3" length="55291148" type="audio/mpeg" />
<itunes:duration>57:36</itunes:duration>
 </item>
 <item> <title>Off The Hook - Aug 30, 2023</title>
 <link>https://www.2600.com/offthehook/2023/0823.html</link>
 <description>Alex is in Croatia, news in Canada blocked by tech giants in response to new law, OMNY exposes data that can be used to track NYC subway riders&#039; movements, FAA begins implementing new Remote ID rule for tracking drones.
</description>
 <author>oth@2600.com (Emmanuel Goldstein et.al.)</author>
 <guid isPermaLink="false">oth20230830-hq</guid>
 <pubDate>Wed, 30 Aug 2023 19:00:00 EST</pubDate>
 <source url="https://www.2600.com/oth-broadband.xml">Off The Hook</source>
 <itunes:author>oth@2600.com (Emmanuel Goldstein et.al.)</itunes:author>
    <enclosure url="https://download.2600.com/mediadownload/www.2600.com/offthehook/mp3files/2023/off_the_hook__20230830-128.mp3" length="54062245" type="audio/mpeg" />
<itunes:duration>56:19</itunes:duration>
 </item>
 <item> <title>Off The Hook - Aug 23, 2023</title>
 <link>https://www.2600.com/offthehook/2023/0823.html</link>
 <description>Alex is in Slovenia, Dildog, Medus4 and The Gibson join the panel to discuss their Veilid project, how the framework reduces costs and secures data for apps built on top of it, The Gibson&#039;s motivation for creating hackers.town, reaction to the project since it was announced, user experience, design considerations that went into Veilid, explaining Cult of the Dead Cow, how Veilid can protect against some of the more sinister use cases of personal data, addressing safety of the framework, where the name came from.
</description>
 <author>oth@2600.com (Emmanuel Goldstein et.al.)</author>
 <guid isPermaLink="false">oth20230823-hq</guid>
 <pubDate>Wed, 23 Aug 2023 19:00:00 EST</pubDate>
 <source url="https://www.2600.com/oth-broadband.xml">Off The Hook</source>
 <itunes:author>oth@2600.com (Emmanuel Goldstein et.al.)</itunes:author>
    <enclosure url="https://download.2600.com/mediadownload/www.2600.com/offthehook/mp3files/2023/off_the_hook__20230823-128.mp3" length="53555173" type="audio/mpeg" />
<itunes:duration>55:47</itunes:duration>
 </item>
 <item> <title>Off The Hook - Aug 09, 2023</title>
 <link>https://www.2600.com/offthehook/2023/0823.html</link>
 <description>Alex is in Las Vegas for Defcon, remembering Cheshire Catalyst, the WBAI website is down, Twitter fined for delay in complying with search warrant for Trump&#039;s account records, security breach exposes UK voters&#039; data.
</description>
 <author>oth@2600.com (Emmanuel Goldstein et.al.)</author>
 <guid isPermaLink="false">oth20230809-hq</guid>
 <pubDate>Wed, 09 Aug 2023 19:00:00 EST</pubDate>
 <source url="https://www.2600.com/oth-broadband.xml">Off The Hook</source>
 <itunes:author>oth@2600.com (Emmanuel Goldstein et.al.)</itunes:author>
    <enclosure url="https://download.2600.com/mediadownload/www.2600.com/offthehook/mp3files/2023/off_the_hook__20230809-128.mp3" length="52837097" type="audio/mpeg" />
<itunes:duration>55:02</itunes:duration>
 </item>
 <item> <title>Off The Hook - Aug 02, 2023</title>
 <link>https://www.2600.com/offthehook/2023/0823.html</link>
 <description>MTA to experiment with artificial intelligence, Twitter sues Center for Countering Digital Hate over lost advertising, Mastodon server compromised when admin&#039;s home was raided by FBI on unrelated charges, NYPD testing new radio encryption system.
</description>
 <author>oth@2600.com (Emmanuel Goldstein et.al.)</author>
 <guid isPermaLink="false">oth20230802-hq</guid>
 <pubDate>Wed, 02 Aug 2023 19:00:00 EST</pubDate>
 <source url="https://www.2600.com/oth-broadband.xml">Off The Hook</source>
 <itunes:author>oth@2600.com (Emmanuel Goldstein et.al.)</itunes:author>
    <enclosure url="https://download.2600.com/mediadownload/www.2600.com/offthehook/mp3files/2023/off_the_hook__20230802-128.mp3" length="54315779" type="audio/mpeg" />
<itunes:duration>56:35</itunes:duration>
 </item>
 <item> <title>Off The Hook - Jul 26, 2023</title>
 <link>https://www.2600.com/offthehook/2023/0723.html</link>
 <description>Remembering Kevin Mitnick, masks at the first HOPE conference, the Free Kevin movement, Kevin&#039;s business cards, the Freedom Downtime documentary, the Takedown protests, listener mail, The New York Times&#039; role in demonizing Kevin, how hackers first found out that the FBI was looking for Kevin, news of Kevin&#039;s capture.
</description>
 <author>oth@2600.com (Emmanuel Goldstein et.al.)</author>
 <guid isPermaLink="false">oth20230726-hq</guid>
 <pubDate>Wed, 26 Jul 2023 19:00:00 EST</pubDate>
 <source url="https://www.2600.com/oth-broadband.xml">Off The Hook</source>
 <itunes:author>oth@2600.com (Emmanuel Goldstein et.al.)</itunes:author>
    <enclosure url="https://download.2600.com/mediadownload/www.2600.com/offthehook/mp3files/2023/off_the_hook__20230726-128.mp3" length="55446264" type="audio/mpeg" />
<itunes:duration>57:45</itunes:duration>
 </item>
 <item> <title>Off The Hook - Jul 05, 2023</title>
 <link>https://www.2600.com/offthehook/2023/0723.html</link>
 <description>Alex is back in the country, Emmanuel and Kyle are on assignment, The_Gibson joins the panel to discuss the fediverse, Twitter restricts access to logged in users only, how the fediverse differs from Twitter, Threads might disrupt the fediverse, Google might scrape everything you post online to train it&#039;s AI, a preview of a privacy project by The_Gibson and Cult of the Dead Cow.
</description>
 <author>oth@2600.com (Emmanuel Goldstein et.al.)</author>
 <guid isPermaLink="false">oth20230705-hq</guid>
 <pubDate>Wed, 05 Jul 2023 19:00:00 EST</pubDate>
 <source url="https://www.2600.com/oth-broadband.xml">Off The Hook</source>
 <itunes:author>oth@2600.com (Emmanuel Goldstein et.al.)</itunes:author>
    <enclosure url="https://download.2600.com/mediadownload/www.2600.com/offthehook/mp3files/2023/off_the_hook__20230705-128.mp3" length="53767420" type="audio/mpeg" />
<itunes:duration>56:00</itunes:duration>
 </item>
 <item> <title>Off The Hook - Jun 28, 2023</title>
 <link>https://www.2600.com/offthehook/2023/0623.html</link>
 <description>Alex is in London, Emmanuel and Kyle are in the Yukon, Greg Newby joins the panel, communicating via Starlink, radio telephones, Greg ran in the Denali135, communications systems for the middle of nowhere, Alex attended the Chelsea Arts Club Ball, visiting Canadian radio stations, Canadian wildfires are still a problem, Facebook to block news content in Canada, smartphone emergency call issues, Fort Worth systems hacked over state&#039;s laws against gender affirming care.
</description>
 <author>oth@2600.com (Emmanuel Goldstein et.al.)</author>
 <guid isPermaLink="false">oth20230628-hq</guid>
 <pubDate>Wed, 28 Jun 2023 19:00:00 EST</pubDate>
 <source url="https://www.2600.com/oth-broadband.xml">Off The Hook</source>
 <itunes:author>oth@2600.com (Emmanuel Goldstein et.al.)</itunes:author>
    <enclosure url="https://download.2600.com/mediadownload/www.2600.com/offthehook/mp3files/2023/off_the_hook__20230628-128.mp3" length="52241619" type="audio/mpeg" />
<itunes:duration>54:25</itunes:duration>
 </item>
 <item> <title>Off The Hook - Jun 14, 2023</title>
 <link>https://www.2600.com/offthehook/2023/0623.html</link>
 <description>Skype problems, Emmanuel and Kyle are on assignment, the Reddit blackout, volt4ire joins the panel, an update on the ChatGPT lawyer story, EU takes first steps toward AI regulation, Hollywood writers&#039; concerns over AI, Amazon Fire kids tablet used to stalk security pro, listener mail.
</description>
 <author>oth@2600.com (Emmanuel Goldstein et.al.)</author>
 <guid isPermaLink="false">oth20230614-hq</guid>
 <pubDate>Wed, 14 Jun 2023 19:00:00 EST</pubDate>
 <source url="https://www.2600.com/oth-broadband.xml">Off The Hook</source>
 <itunes:author>oth@2600.com (Emmanuel Goldstein et.al.)</itunes:author>
    <enclosure url="https://download.2600.com/mediadownload/www.2600.com/offthehook/mp3files/2023/off_the_hook__20230614-128.mp3" length="53781183" type="audio/mpeg" />
<itunes:duration>56:01</itunes:duration>
 </item>
</channel>
</rss>
